{
    "parent": "item/handheld",
    "textures": {
        "layer0": "item/golden_sword"
    },
    "overrides": [
        {
            "predicate": {"custom_model_data": 1},
            "model": "item/weapons/golden_dagger"
        },
        {
            "predicate": {"custom_model_data": 2},
            "model": "item/weapons/golden_mace"
        },
        {
            "predicate": {"custom_model_data": 5},
            "model": "item/weapons/golden_warhammer"
        },
        {
            "predicate": {"custom_model_data": 6},
            "model": "item/weapons/golden_spear"
        },
        {
            "predicate": {"custom_model_data": 1981820},
            "model": "item/weapons/golden_dagger"
        },
        {
            "predicate": {"custom_model_data": 1981821},
            "model": "item/weapons/golden_mace"
        },
        {
            "predicate": {"custom_model_data": 1981825},
            "model": "item/weapons/golden_warhammer"
        },
        {
            "predicate": {"custom_model_data": 1981826},
            "model": "item/weapons/golden_spear"
        }
    ]
}