{
    "parent": "item/handheld",
    "textures": {
        "layer0": "item/iron_sword"
    },
    "overrides": [
        {
            "predicate": {"custom_model_data": 1},
            "model": "item/weapons/iron_dagger"
        },
        {
            "predicate": {"custom_model_data": 2},
            "model": "item/weapons/iron_mace"
        },
        {
            "predicate": {"custom_model_data": 5},
            "model": "item/weapons/iron_warhammer"
        },
        {
            "predicate": {"custom_model_data": 6},
            "model": "item/weapons/iron_spear"
        },
        {
            "predicate": {"custom_model_data": 1981820},
            "model": "item/weapons/iron_dagger"
        },
        {
            "predicate": {"custom_model_data": 1981821},
            "model": "item/weapons/iron_mace"
        },
        {
            "predicate": {"custom_model_data": 1981825},
            "model": "item/weapons/iron_warhammer"
        },
        {
            "predicate": {"custom_model_data": 1981826},
            "model": "item/weapons/iron_spear"
        },
        {
            "predicate": {"custom_model_data": 3510001},
            "model": "item/gui/skillicon_lightweapons"
        }
    ]
}