{
    "parent": "item/generated",
    "textures": {
        "layer0": "item/lime_dye"
    },
    "overrides": [
        {
            "predicate": {"custom_model_data": 9192780},
            "model": "item/materials/tutor_lotus"
        },
        {
            "predicate": {"custom_model_data": 9192781},
            "model": "item/materials/steelblossom"
        },
        {
            "predicate": {"custom_model_data": 9192782},
            "model": "item/materials/shimmerleaf"
        },
        {
            "predicate": {"custom_model_data": 9192783},
            "model": "item/materials/goldroot"
        },
        {
            "predicate": {"custom_model_data": 9192784},
            "model": "item/materials/pollen_stalks"
        },
        {
            "predicate": {"custom_model_data": 9192785},
            "model": "item/materials/knightsreed"
        },
        {
            "predicate": {"custom_model_data": 9192786},
            "model": "item/materials/burnt_bark"
        },
        {
            "predicate": {"custom_model_data": 9192787},
            "model": "item/materials/ambrosial_nectar"
        },
        {
            "predicate": {"custom_model_data": 9192788},
            "model": "item/materials/bustling_fungus"
        },
        {
            "predicate": {"custom_model_data": 9192789},
            "model": "item/materials/calcified_seed"
        },
        {
            "predicate": {"custom_model_data": 9192790},
            "model": "item/materials/withered_filament"
        },
        {
            "predicate": {"custom_model_data": 9192791},
            "model": "item/materials/noxious_spores"
        }
    ]
}