{
    "parent": "item/generated",
    "textures": {
        "layer0": "item/gold_nugget"
    },
    "overrides": [
        {
            "predicate": {"custom_model_data": 7780900},
            "model": "item/trinkets/rough_gold_ring"
        },
        {
            "predicate": {"custom_model_data": 7780901},
            "model": "item/trinkets/rough_gold_necklace_amulet"
        },
        {
            "predicate": {"custom_model_data": 7780902},
            "model": "item/trinkets/rough_gold_circlet"
        },
        {
            "predicate": {"custom_model_data": 7780903},
            "model": "item/trinkets/rough_gold_bracer"
        },
        {
            "predicate": {"custom_model_data": 7780910},
            "model": "item/trinkets/gold_necklace_amulet"
        },
        {
            "predicate": {"custom_model_data": 7781098},
            "model": "item/trinkets/gold_necklace_2"
        },
        {
            "predicate": {"custom_model_data": 7781099},
            "model": "item/trinkets/gold_ring_2"
        },
        {
            "predicate": {"custom_model_data": 7781100},
            "model": "item/trinkets/gold_ring"
        },
        {
            "predicate": {"custom_model_data": 7781101},
            "model": "item/trinkets/ruby_gold_ring"
        },
        {
            "predicate": {"custom_model_data": 7781102},
            "model": "item/trinkets/emerald_gold_ring"
        },
        {
            "predicate": {"custom_model_data": 7781103},
            "model": "item/trinkets/opal_gold_ring"
        },
        {
            "predicate": {"custom_model_data": 7781104},
            "model": "item/trinkets/sapphire_gold_ring"
        },
        {
            "predicate": {"custom_model_data": 7781105},
            "model": "item/trinkets/topaz_gold_ring"
        },
        {
            "predicate": {"custom_model_data": 7781106},
            "model": "item/trinkets/peridot_gold_ring"
        },
        {
            "predicate": {"custom_model_data": 7781107},
            "model": "item/trinkets/diamond_gold_ring"
        },
        {
            "predicate": {"custom_model_data": 7781108},
            "model": "item/trinkets/amethyst_gold_ring"
        },
        {
            "predicate": {"custom_model_data": 7781200},
            "model": "item/trinkets/gold_necklace"
        },
        {
            "predicate": {"custom_model_data": 7781201},
            "model": "item/trinkets/ruby_gold_necklace"
        },
        {
            "predicate": {"custom_model_data": 7781202},
            "model": "item/trinkets/emerald_gold_necklace"
        },
        {
            "predicate": {"custom_model_data": 7781203},
            "model": "item/trinkets/opal_gold_necklace"
        },
        {
            "predicate": {"custom_model_data": 7781204},
            "model": "item/trinkets/sapphire_gold_necklace"
        },
        {
            "predicate": {"custom_model_data": 7781205},
            "model": "item/trinkets/topaz_gold_necklace"
        },
        {
            "predicate": {"custom_model_data": 7781206},
            "model": "item/trinkets/peridot_gold_necklace"
        },
        {
            "predicate": {"custom_model_data": 7781207},
            "model": "item/trinkets/diamond_gold_necklace"
        },
        {
            "predicate": {"custom_model_data": 7781208},
            "model": "item/trinkets/amethyst_gold_necklace"
        },
        {
            "predicate": {"custom_model_data": 7781300},
            "model": "item/trinkets/gold_bracer"
        },
        {
            "predicate": {"custom_model_data": 7781301},
            "model": "item/trinkets/ruby_gold_bracer"
        },
        {
            "predicate": {"custom_model_data": 7781302},
            "model": "item/trinkets/emerald_gold_bracer"
        },
        {
            "predicate": {"custom_model_data": 7781303},
            "model": "item/trinkets/opal_gold_bracer"
        },
        {
            "predicate": {"custom_model_data": 7781304},
            "model": "item/trinkets/sapphire_gold_bracer"
        },
        {
            "predicate": {"custom_model_data": 7781305},
            "model": "item/trinkets/topaz_gold_bracer"
        },
        {
            "predicate": {"custom_model_data": 7781306},
            "model": "item/trinkets/peridot_gold_bracer"
        },
        {
            "predicate": {"custom_model_data": 7781307},
            "model": "item/trinkets/diamond_gold_bracer"
        },
        {
            "predicate": {"custom_model_data": 7781308},
            "model": "item/trinkets/amethyst_gold_bracer"
        },
        {
            "predicate": {"custom_model_data": 7781320},
            "model": "item/trinkets/gold_armring"
        },
        {
            "predicate": {"custom_model_data": 7781330},
            "model": "item/trinkets/silver_armring"
        },
        {
            "predicate": {"custom_model_data": 7781400},
            "model": "item/trinkets/gold_circlet"
        },
        {
            "predicate": {"custom_model_data": 7781401},
            "model": "item/trinkets/ruby_gold_circlet"
        },
        {
            "predicate": {"custom_model_data": 7781402},
            "model": "item/trinkets/emerald_gold_circlet"
        },
        {
            "predicate": {"custom_model_data": 7781403},
            "model": "item/trinkets/opal_gold_circlet"
        },
        {
            "predicate": {"custom_model_data": 7781404},
            "model": "item/trinkets/sapphire_gold_circlet"
        },
        {
            "predicate": {"custom_model_data": 7781405},
            "model": "item/trinkets/topaz_gold_circlet"
        },
        {
            "predicate": {"custom_model_data": 7781406},
            "model": "item/trinkets/peridot_gold_circlet"
        },
        {
            "predicate": {"custom_model_data": 7781407},
            "model": "item/trinkets/diamond_gold_circlet"
        },
        {
            "predicate": {"custom_model_data": 7781408},
            "model": "item/trinkets/amethyst_gold_circlet"
        },
        {
            "predicate": {"custom_model_data": 7782110},
            "model": "item/materials/gold_strip"
        },
        {
            "predicate": { "custom_model_data": 4370413 },
            "model": "avalon:coins/doubloon"
        },
        {
            "predicate": { "custom_model_data": 4370414 },
            "model": "avalon:coins/token"
        }
    ]
}