{
	"credit": "Made with Blockbench",
	"texture_size": [32, 32],
	"textures": {
		"0": "item/doubloon",
		"particle": "item/doubloon"
	},
	"elements": [
		{
			"from": [3, 2, 7],
			"to": [13, 12, 9],
			"faces": {
				"north": {"uv": [0, 0, 5, 5], "texture": "#0"},
				"east": {"uv": [5, 0, 6, 5], "texture": "#0"},
				"south": {"uv": [0, 5, 5, 10], "texture": "#0"},
				"west": {"uv": [5, 5, 6, 10], "texture": "#0"},
				"up": {"uv": [11, 1, 6, 0], "texture": "#0"},
				"down": {"uv": [11, 1, 6, 2], "texture": "#0"}
			}
		},
		{
			"from": [3.2, 2.2, 6.8],
			"to": [3.7, 11.7, 7.3],
			"faces": {
				"north": {"uv": [6, 5, 6.25, 9.75], "texture": "#0"},
				"east": {"uv": [6.5, 4, 6.75, 8.75], "texture": "#0"},
				"south": {"uv": [7, 4, 7.25, 8.75], "texture": "#0"},
				"west": {"uv": [7.5, 4, 7.75, 8.75], "texture": "#0"},
				"up": {"uv": [8.25, 4.25, 8, 4], "texture": "#0"},
				"down": {"uv": [8.25, 4.5, 8, 4.75], "texture": "#0"}
			}
		},
		{
			"from": [12.2, 2.2, 6.8],
			"to": [12.7, 11.7, 7.3],
			"faces": {
				"north": {"uv": [8, 5, 8.25, 9.75], "texture": "#0"},
				"east": {"uv": [8.5, 4, 8.75, 8.75], "texture": "#0"},
				"south": {"uv": [9, 4, 9.25, 8.75], "texture": "#0"},
				"west": {"uv": [6.5, 9, 6.75, 13.75], "texture": "#0"},
				"up": {"uv": [7.25, 9.25, 7, 9], "texture": "#0"},
				"down": {"uv": [7.75, 9, 7.5, 9.25], "texture": "#0"}
			}
		},
		{
			"from": [3.2, 11.2, 6.8],
			"to": [12.7, 11.7, 7.3],
			"faces": {
				"north": {"uv": [8.5, 9, 13.25, 9.25], "texture": "#0"},
				"east": {"uv": [9.5, 5.5, 9.75, 5.75], "texture": "#0"},
				"south": {"uv": [9.5, 4, 14.25, 4.25], "texture": "#0"},
				"west": {"uv": [9.5, 6, 9.75, 6.25], "texture": "#0"},
				"up": {"uv": [14.25, 4.75, 9.5, 4.5], "texture": "#0"},
				"down": {"uv": [14.25, 5, 9.5, 5.25], "texture": "#0"}
			}
		},
		{
			"from": [3.2, 2.2, 6.8],
			"to": [12.7, 2.7, 7.3],
			"faces": {
				"north": {"uv": [9.5, 6.5, 14.25, 6.75], "texture": "#0"},
				"east": {"uv": [7, 9.5, 7.25, 9.75], "texture": "#0"},
				"south": {"uv": [9.5, 7, 14.25, 7.25], "texture": "#0"},
				"west": {"uv": [7.5, 9.5, 7.75, 9.75], "texture": "#0"},
				"up": {"uv": [14.25, 7.75, 9.5, 7.5], "texture": "#0"},
				"down": {"uv": [14.25, 8, 9.5, 8.25], "texture": "#0"}
			}
		},
		{
			"from": [3.2, 11.2, 8.8],
			"to": [12.7, 11.7, 9.3],
			"faces": {
				"north": {"uv": [6, 2, 10.75, 2.25], "texture": "#0"},
				"east": {"uv": [6, 4, 6.25, 4.25], "texture": "#0"},
				"south": {"uv": [6, 2.5, 10.75, 2.75], "texture": "#0"},
				"west": {"uv": [6, 4.5, 6.25, 4.75], "texture": "#0"},
				"up": {"uv": [10.75, 3.25, 6, 3], "texture": "#0"},
				"down": {"uv": [10.75, 3.5, 6, 3.75], "texture": "#0"}
			}
		},
		{
			"from": [3.2, 2.2, 8.8],
			"to": [12.7, 2.7, 9.3],
			"faces": {
				"north": {"uv": [10, 5.5, 14.75, 5.75], "texture": "#0"},
				"east": {"uv": [4, 10, 4.25, 10.25], "texture": "#0"},
				"south": {"uv": [10, 6, 14.75, 6.25], "texture": "#0"},
				"west": {"uv": [4.5, 10, 4.75, 10.25], "texture": "#0"},
				"up": {"uv": [14.75, 8.75, 10, 8.5], "texture": "#0"},
				"down": {"uv": [14.75, 9.5, 10, 9.75], "texture": "#0"}
			}
		},
		{
			"from": [3.2, 2.2, 8.8],
			"to": [3.7, 11.7, 9.3],
			"faces": {
				"north": {"uv": [1, 10, 1.25, 14.75], "texture": "#0"},
				"east": {"uv": [1.5, 10, 1.75, 14.75], "texture": "#0"},
				"south": {"uv": [2, 10, 2.25, 14.75], "texture": "#0"},
				"west": {"uv": [2.5, 10, 2.75, 14.75], "texture": "#0"},
				"up": {"uv": [3.25, 10.25, 3, 10], "texture": "#0"},
				"down": {"uv": [3.75, 10, 3.5, 10.25], "texture": "#0"}
			}
		},
		{
			"from": [12.2, 2.2, 8.8],
			"to": [12.7, 11.7, 9.3],
			"faces": {
				"north": {"uv": [8.5, 9.5, 8.75, 14.25], "texture": "#0"},
				"east": {"uv": [9, 9.5, 9.25, 14.25], "texture": "#0"},
				"south": {"uv": [9.5, 9.5, 9.75, 14.25], "texture": "#0"},
				"west": {"uv": [0, 10, 0.25, 14.75], "texture": "#0"},
				"up": {"uv": [9.75, 8.75, 9.5, 8.5], "texture": "#0"},
				"down": {"uv": [0.75, 10, 0.5, 10.25], "texture": "#0"}
			}
		},
		{
			"from": [5, 11, 7.5],
			"to": [11, 13, 8.5],
			"faces": {
				"north": {"uv": [10, 10, 13, 11], "texture": "#0"},
				"east": {"uv": [6, 10, 6.5, 11], "texture": "#0"},
				"south": {"uv": [3, 10.5, 6, 11.5], "texture": "#0"},
				"west": {"uv": [7, 10, 7.5, 11], "texture": "#0"},
				"up": {"uv": [14, 0.5, 11, 0], "texture": "#0"},
				"down": {"uv": [14, 0.5, 11, 1], "texture": "#0"}
			}
		},
		{
			"from": [12, 4, 7.5],
			"to": [14, 10, 8.5],
			"faces": {
				"north": {"uv": [7.5, 10, 8.5, 13], "texture": "#0"},
				"east": {"uv": [0.5, 10.5, 1, 13.5], "texture": "#0"},
				"south": {"uv": [11, 1, 12, 4], "texture": "#0"},
				"west": {"uv": [6, 11, 6.5, 14], "texture": "#0"},
				"up": {"uv": [6, 10.5, 5, 10], "texture": "#0"},
				"down": {"uv": [11, 11, 10, 11.5], "texture": "#0"}
			}
		},
		{
			"from": [2, 4, 7.5],
			"to": [4, 10, 8.5],
			"faces": {
				"north": {"uv": [11, 11, 12, 14], "texture": "#0"},
				"east": {"uv": [7, 11, 7.5, 14], "texture": "#0"},
				"south": {"uv": [3, 11.5, 4, 14.5], "texture": "#0"},
				"west": {"uv": [4, 11.5, 4.5, 14.5], "texture": "#0"},
				"up": {"uv": [5.5, 12, 4.5, 11.5], "texture": "#0"},
				"down": {"uv": [11, 11.5, 10, 12], "texture": "#0"}
			}
		},
		{
			"from": [5, 1, 7.5],
			"to": [11, 3, 8.5],
			"faces": {
				"north": {"uv": [12, 1, 15, 2], "texture": "#0"},
				"east": {"uv": [5.5, 11.5, 6, 12.5], "texture": "#0"},
				"south": {"uv": [12, 2, 15, 3], "texture": "#0"},
				"west": {"uv": [4.5, 12, 5, 13], "texture": "#0"},
				"up": {"uv": [15, 3.5, 12, 3], "texture": "#0"},
				"down": {"uv": [15, 3.5, 12, 4], "texture": "#0"}
			}
		}
	],
	"display": {
		"thirdperson_righthand": {
			"rotation": [0, 90, 0],
			"translation": [0.75, 0.5, 0],
			"scale": [0.2, 0.2, 0.2]
		},
		"thirdperson_lefthand": {
			"rotation": [0, 90, 0],
			"scale": [0.2, 0.2, 0.2]
		},
		"firstperson_righthand": {
			"rotation": [0, 80, 0],
			"translation": [-1, 4.25, 2.75],
			"scale": [0.5, 0.5, 0.5]
		},
		"firstperson_lefthand": {
			"rotation": [0, 80, 0],
			"translation": [1.75, 3, 0.5],
			"scale": [0.5, 0.5, 0.5]
		},
		"ground": {
			"translation": [0, 5, 0],
			"scale": [0.5, 0.5, 0.5]
		},
		"gui": {
			"rotation": [0, 180, 0],
			"translation": [0, 1, 0]
		}
	}
}
